discount_pct,sales_amount
0,399.46550864417145
5,381.91785168576644
10,360.45256544502615
15,339.63370143996684
20,323.2759676068137
25,299.89756510692354
30,274.1797696421226
